image_name,x1,y1,x2,y2
3673791901.jpg,0.0231,0.0104,0.9769,0.9917
3886560391.jpg,0.2033,0.0200,0.4600,0.8350
3886562332.jpg,0.0900,0.2667,0.8525,0.7367
3886614486.jpg,0.0933,0.0111,0.8933,0.9933
3886682709.jpg,0.1367,0.2876,0.8233,1.0000
3886696016.jpg,0.0067,0.2281,0.9967,0.9850
3887359163.jpg,0.1425,0.0733,0.8975,1.0000
3887862474.jpg,0.2367,0.0450,0.8067,0.9275
3888870494.jpg,0.0867,0.0700,0.8578,0.9967
3889289332.jpg,0.2233,0.0025,0.7433,1.0000
3889338673.jpg,0.1600,0.2425,0.9600,0.7200
3886474376.jpg,0.1206,0.0521,0.8901,0.9229
3889473771.jpg,0.2500,0.1433,0.9500,0.8867
3891125169.jpg,0.0480,0.0646,1.0000,0.8229
3892204263.jpg,0.0033,0.2475,0.9400,0.7925
3892783497.jpg,0.0225,0.4633,0.9275,0.9900
3893363445.jpg,0.1433,0.2356,0.8633,0.9844
3893596687.jpg,0.0033,0.0150,0.9500,0.9025
3893907506.jpg,0.0025,0.1967,0.9850,0.9367
3895291334.jpg,0.2550,0.0600,0.7500,0.9433
3895856301.jpg,0.0033,0.0493,0.9967,0.8980
3896096184.jpg,0.1233,0.0650,0.9000,0.9725
3896927295.jpg,0.0867,0.0325,1.0000,0.9975
3889761545.jpg,0.2000,0.0100,0.8025,0.5033
3898889402.jpg,0.0500,0.0405,0.9500,0.7420
3885457490.jpg,0.2300,0.4125,0.7567,0.7900
3884867431.jpg,0.1100,0.3000,0.9867,0.7025
3873266770.jpg,0.0467,0.2200,0.9427,0.8667
3873426592.jpg,0.2533,0.1050,0.8367,0.9075
3873721768.jpg,0.1300,0.0825,0.8833,0.9950
3873959410.jpg,0.0067,0.0272,0.9400,0.8911
3874369005.jpg,0.0667,0.0025,0.9900,0.9900
3874904752.jpg,0.0025,0.1133,0.9975,0.8633
3875609745.jpg,0.0267,0.1675,1.0000,0.9950
3876181235.jpg,0.0367,0.1564,0.8300,1.0000
3876794551.jpg,0.1400,0.0033,0.9125,0.9967
3877211100.jpg,0.1150,0.2167,0.9050,0.7667
3884925920.jpg,0.0407,0.2729,0.9556,0.7479
3877927874.jpg,0.1707,0.3833,0.8236,0.9300
3880142171.jpg,0.0033,0.1725,0.9867,0.9775
3880894060.jpg,0.1900,0.1633,0.8067,0.8533
3881555803.jpg,0.0700,0.0450,0.9100,0.9275
3881795248.jpg,0.0625,0.2067,1.0000,0.7300
3882802468.jpg,0.1719,0.0033,0.8281,0.7800
3882957198.jpg,0.0651,0.1567,0.9628,0.9133
3883099151.jpg,0.0033,0.0025,0.8767,1.0000
3884054240.jpg,0.0433,0.0725,0.8500,0.9800
3884272828.jpg,0.0638,0.1100,0.9441,0.8467
3884824970.jpg,0.0600,0.1322,0.8500,0.7556
3879419069.jpg,0.0833,0.0275,0.9700,1.0000
3872946726.jpg,0.1325,0.0633,0.7225,0.9667
3899158604.jpg,0.0647,0.4133,0.9145,0.9333
3899309406.jpg,0.1867,0.0160,0.9433,0.9176
3916065292.jpg,0.1282,0.0926,0.9295,0.9815
3916574507.jpg,0.2067,0.1225,0.7800,0.9225
3917618653.jpg,0.1667,0.0025,0.7933,0.9975
3923411144.jpg,0.1663,0.0100,0.8406,0.9900
3928785594.jpg,0.0021,0.0567,0.9958,1.0000
3934229200.jpg,0.0633,0.2750,0.9600,0.7750
3935207009.jpg,0.0650,0.0667,0.8475,0.9300
3935775040.jpg,0.0667,0.1050,0.6667,0.9400
3936550637.jpg,0.0500,0.1933,0.9050,0.7600
3936985043.jpg,0.0067,0.1050,0.9900,0.8025
3915689569.jpg,0.0033,0.0075,0.9167,0.9950
3938376767.jpg,0.0200,0.0585,0.9833,0.9692
3939394242.jpg,0.0889,0.2000,0.9556,0.8792
3941077279.jpg,0.2000,0.0241,0.8500,0.9439
3941926854.jpg,0.0650,0.1133,0.8500,1.0000
3942052582.jpg,0.0741,0.0958,0.8667,0.8500
3942360703.jpg,0.0033,0.0050,0.9933,0.9875
3942530465.jpg,0.1932,0.4833,0.6191,0.9533
3943757152.jpg,0.0375,0.0033,0.9925,1.0000
3943920003.jpg,0.0933,0.0025,0.7833,0.9800
3944092125.jpg,0.0667,0.3100,0.9600,0.8400
3944332762.jpg,0.0800,0.1700,0.9075,0.9233
3939250457.jpg,0.5084,0.4467,0.8609,0.8333
3899221108.jpg,0.1914,0.1867,0.8912,0.7533
3915626175.jpg,0.0875,0.2267,0.9625,0.9567
3915369771.jpg,0.0033,0.0725,0.9900,0.9950
3901941289.jpg,0.0037,0.2271,1.0000,0.8354
3902030946.jpg,0.0700,0.2025,0.9600,0.7700
3903475557.jpg,0.0914,0.0800,0.9210,0.8467
3905079701.jpg,0.0333,0.1375,1.0000,0.8550
3905663179.jpg,0.1975,0.0267,0.8425,0.8667
3905823147.jpg,0.1325,0.0167,0.8425,0.9567
3906249979.jpg,0.0033,0.1500,0.9967,0.9025
3906847902.jpg,0.0033,0.1600,0.9900,0.8800
3907364366.jpg,0.0033,0.0600,0.9567,0.9800
3907457419.jpg,0.1033,0.1825,0.9067,1.0000
3915444818.jpg,0.0500,0.2675,1.0000,0.9450
3908706014.jpg,0.0133,0.1625,0.9867,0.9925
3909525037.jpg,0.1333,0.3650,0.8867,0.8675
3910493738.jpg,0.0025,0.1933,0.8325,0.8500
3912795335.jpg,0.0050,0.1433,0.9900,0.8333
3912807374.jpg,0.0094,0.2000,0.9850,0.8233
3913464075.jpg,0.2100,0.1300,0.8333,0.8750
3913517076.jpg,0.0333,0.1017,0.8933,0.8576
3913930264.jpg,0.0033,0.1875,0.9300,0.8300
3914243343.jpg,0.1200,0.0875,0.7833,0.9950
3914812239.jpg,0.1771,0.2208,0.8524,0.7521
3914914642.jpg,0.0950,0.1467,0.9725,0.8067
3908872114.jpg,0.1167,0.2170,0.9333,0.7406
3944581442.jpg,0.1032,0.2833,0.7842,0.9033
3872924510.jpg,0.2133,0.0167,0.7833,0.9800
3871734023.jpg,0.2767,0.0900,0.6967,0.9300
3838381415.jpg,0.0475,0.2333,0.9250,0.8133
3838845426.jpg,0.0033,0.0027,0.9967,1.0000
3839075005.jpg,0.1257,0.0833,0.9475,1.0000
3839284184.jpg,0.0500,0.2075,0.9800,0.8775
3839980919.jpg,0.3100,0.1475,0.8433,0.9400
3840194822.jpg,0.1593,0.0250,1.0000,0.9104
3840234034.jpg,0.0593,0.0563,0.9481,0.9667
3842677275.jpg,0.0407,0.2375,0.9778,0.6354
3843957390.jpg,0.0050,0.0151,0.9925,0.9849
3844822814.jpg,0.0019,0.0333,0.6266,0.6567
3837541331.jpg,0.1500,0.0975,0.7000,0.8700
3845195892.jpg,0.0633,0.0072,0.9333,0.9759
3846200088.jpg,0.0033,0.0900,0.9900,0.9500
3846464645.jpg,0.0567,0.1375,0.9967,0.6600
3846834930.jpg,0.2367,0.0375,0.8333,0.9975
3846880555.jpg,0.1125,0.0300,0.8475,0.9567
3847155699.jpg,0.1200,0.2125,0.7933,0.9625
3847434728.jpg,0.2233,0.1150,0.7767,0.9075
3847553548.jpg,0.0667,0.0050,0.7300,1.0000
3847636386.jpg,0.0175,0.1767,0.9950,0.8933
3849084972.jpg,0.0319,0.0633,1.0000,0.9933
3849268499.jpg,0.0025,0.1267,0.8975,0.8867
3846187423.jpg,0.2833,0.0767,0.6300,0.8933
3849367339.jpg,0.0407,0.0187,0.7259,1.0000
3837177533.jpg,0.2525,0.1567,1.0000,0.9500
3836599310.jpg,0.1313,0.0133,0.9512,1.0000
3826306256.jpg,0.1400,0.1075,0.5833,0.9275
3826735133.jpg,0.1200,0.0800,0.8450,0.9567
3827347642.jpg,0.3000,0.0125,0.7633,0.7400
3827635454.jpg,0.1926,0.1646,0.8778,0.8271
3829379591.jpg,0.0233,0.0867,0.9867,0.8556
3829447059.jpg,0.0029,0.0633,0.9622,0.9300
3829759189.jpg,0.0700,0.1800,0.9850,0.7600
3830086878.jpg,0.4519,0.4854,0.8000,0.8729
4049520363.jpg,0.0800,0.2375,0.8867,0.8275
3831626632.jpg,0.0150,0.0067,0.9875,0.9767
3837129714.jpg,0.1815,0.2771,0.6889,0.7875
3832539490.jpg,0.2050,0.1600,0.8775,0.9400
3832728675.jpg,0.0593,0.1646,0.8741,0.8792
3833119129.jpg,0.1125,0.2800,0.8550,0.8167
3833364167.jpg,0.0433,0.0175,1.0000,0.9925
3833877702.jpg,0.0500,0.0500,0.9567,1.0000
3834045728.jpg,0.0039,0.1000,0.9980,1.0000
3835063957.jpg,0.1033,0.0725,0.9167,0.9050
3835227486.jpg,0.0075,0.0900,1.0000,0.6700
3836433179.jpg,0.0200,0.1250,1.0000,0.9925
3836493201.jpg,0.1300,0.1450,0.7267,0.9600
3836496816.jpg,0.3175,0.1100,0.8150,0.9167
3832714411.jpg,0.0033,0.0080,0.9800,1.0000
3871958345.jpg,0.0100,0.1825,1.0000,0.9800
3849734588.jpg,0.0033,0.1125,0.9667,0.8450
3851741418.jpg,0.1967,0.0225,0.9133,0.8600
3865933138.jpg,0.0525,0.1733,0.9193,0.8767
3865969186.jpg,0.0037,0.0521,0.9778,0.9958
3867186520.jpg,0.2556,0.2479,0.8037,0.7708
3867366982.jpg,0.1033,0.1925,0.8533,0.7150
3867782493.jpg,0.3333,0.0825,1.0000,0.7925
3867959190.jpg,0.3233,0.0125,0.8033,0.9900
3868914479.jpg,0.0633,0.1275,0.9500,0.6675
3869158051.jpg,0.1900,0.0067,0.7000,0.9833
3869231046.jpg,0.2444,0.0125,0.8444,0.7979
3869410006.jpg,0.0333,0.0194,0.9733,0.9782
3864926109.jpg,0.0033,0.1675,0.9800,0.9050
3869559303.jpg,0.0700,0.1025,0.9500,0.7200
3869660706.jpg,0.0563,0.2233,0.8049,0.8233
3869858418.jpg,0.0267,0.0725,0.9467,0.9450
3870159617.jpg,0.1100,0.1700,0.8900,0.8167
3870325574.jpg,0.0511,0.1800,0.9511,0.8933
3870327426.jpg,0.0280,0.0250,0.9813,0.9979
3870717086.jpg,0.0300,0.0500,1.0000,0.8950
3870881136.jpg,0.1825,0.3167,0.8450,0.8567
3870883112.jpg,0.2733,0.0875,0.6267,0.9950
3870953258.jpg,0.0037,0.1625,0.9963,0.8187
3871382223.jpg,0.0400,0.0925,0.9933,0.9325
3869628938.jpg,0.1700,0.0450,0.8033,0.9650
3850013510.jpg,0.1400,0.0200,0.8333,0.9350
3864511323.jpg,0.0867,0.0275,0.9000,0.9425
3863938468.jpg,0.1295,0.1833,0.7711,0.8367
3852002981.jpg,0.0033,0.0525,0.9967,0.9850
3854465029.jpg,0.0019,0.0100,0.8799,0.9967
3854525315.jpg,0.3175,0.3600,0.7475,0.7200
3855077628.jpg,0.0300,0.1025,0.9200,0.8125
3855380110.jpg,0.2233,0.0167,0.7467,0.9633
3855462655.jpg,0.2200,0.1767,0.7775,0.7900
3855506996.jpg,0.0444,0.0958,1.0000,0.9750
3855593132.jpg,0.5475,0.1267,0.6600,0.9267
3855647436.jpg,0.0167,0.0225,0.9867,0.9975
3856140057.jpg,0.1000,0.2125,0.8033,0.9150
3864042809.jpg,0.0825,0.2067,0.9425,0.7100
3856406829.jpg,0.0100,0.0050,1.0000,0.9975
3860354760.jpg,0.0645,0.0200,0.9700,0.9933
3860540805.jpg,0.0733,0.0075,0.8700,0.9025
3861549085.jpg,0.0500,0.1756,0.9767,0.6644
3861556855.jpg,0.0033,0.2250,0.9800,0.7950
3861659210.jpg,0.1900,0.0550,0.8233,0.8550
3861886026.jpg,0.2927,0.0433,0.7542,0.9767
3862195658.jpg,0.3733,0.0933,0.7400,0.9867
3862849779.jpg,0.0433,0.1225,0.9233,1.0000
3862924420.jpg,0.0400,0.0200,0.9850,0.9867
3863000246.jpg,0.1367,0.2767,0.8433,0.7233
3856774344.jpg,0.0778,0.0133,0.9156,0.7133
3945211377.jpg,0.0033,0.1275,0.9933,0.8450
3945452395.jpg,0.0233,0.0025,1.0000,0.8900
3945771280.jpg,0.0567,0.2057,0.9533,0.8490
4022401654.jpg,0.3267,0.2100,0.7800,0.9500
4022946668.jpg,0.1500,0.3400,0.8275,0.7933
4024062296.jpg,0.0444,0.2938,0.9593,0.6562
4024174037.jpg,0.0033,0.1250,0.8833,0.9925
4024418192.jpg,0.4409,0.0333,0.8311,1.0000
4024678026.jpg,0.0033,0.2250,0.9767,1.0000
4024758538.jpg,0.0300,0.0050,0.9667,0.9575
4024877316.jpg,0.0220,0.0729,0.8535,0.9750
4025265194.jpg,0.3033,0.0025,0.8200,0.7332
4025571001.jpg,0.2300,0.0500,0.7633,0.8500
4022303551.jpg,0.1175,0.0500,0.7050,1.0000
4026274363.jpg,0.1025,0.1333,0.7775,1.0000
4027137540.jpg,0.0033,0.1550,1.0000,0.9525
4027385808.jpg,0.0131,0.0167,0.9895,0.9867
4028149672.jpg,0.0467,0.0600,1.0000,0.7850
4028742453.jpg,0.1733,0.0201,0.8833,0.9875
4028862707.jpg,0.0033,0.1154,0.9900,0.9423
4028905504.jpg,0.1000,0.2633,0.8925,0.8733
4029149081.jpg,0.1100,0.0525,0.8233,0.9775
4029341470.jpg,0.1775,0.3433,0.6575,0.5700
4029774219.jpg,0.3767,0.1600,0.7733,0.9533
4029955861.jpg,0.0033,0.3750,1.0000,0.7275
4027021723.jpg,0.0067,0.0100,0.9833,0.9800
4030194891.jpg,0.0033,0.0031,1.0000,1.0000
4021990249.jpg,0.0842,0.0533,0.9487,0.9600
4020246693.jpg,0.2233,0.3125,0.6900,0.9350
4012256470.jpg,0.0200,0.0267,0.9975,1.0000
4012455870.jpg,0.0033,0.1200,0.9367,0.9150
4012469809.jpg,0.1233,0.0175,0.8767,0.9425
4012476134.jpg,0.0375,0.0067,0.9869,1.0000
4012892573.jpg,0.0233,0.0025,0.9100,1.0000
4013781478.jpg,0.0033,0.0825,0.9500,0.9750
4014184893.jpg,0.1367,0.1025,0.9067,0.9525
4014351578.jpg,0.1433,0.0625,0.8367,0.9550
4015101637.jpg,0.3100,0.1200,0.8100,0.8267
4015982222.jpg,0.0367,0.0767,0.9900,0.9894
4020936435.jpg,0.1222,0.1833,0.8444,0.8063
4016005988.jpg,0.0175,0.1867,0.9875,0.7500
4016252095.jpg,0.2675,0.0167,0.9025,0.9633
4016492386.jpg,0.1444,0.2967,0.8297,0.6667
4016614549.jpg,0.1100,0.0025,0.9567,1.0000
4017065289.jpg,0.0033,0.1300,0.9867,0.9700
4017581600.jpg,0.0326,0.3433,0.5313,0.8333
4017749015.jpg,0.1782,0.0033,0.7805,0.8367
4017925412.jpg,0.0713,0.0600,0.9381,1.0000
4018522736.jpg,0.0296,0.1708,0.8963,0.7979
4019698183.jpg,0.1275,0.0833,0.8325,0.9000
4019714312.jpg,0.3208,0.1800,0.6903,0.8567
4016009476.jpg,0.2200,0.1040,0.7900,0.8960
4012133950.jpg,0.1501,0.0033,0.8799,0.9667
4030250945.jpg,0.0037,0.0542,0.9963,1.0000
4030765734.jpg,0.0033,0.2025,0.8533,0.6425
4042275191.jpg,0.0375,0.2133,0.7692,0.8467
4042743427.jpg,0.0825,0.0700,0.7850,1.0000
4042744711.jpg,0.0333,0.0137,0.9667,0.9726
4043132771.jpg,0.0625,0.0133,0.9100,0.8933
4043690939.jpg,0.2325,0.0500,0.8875,0.9300
4043871083.jpg,0.1074,0.0563,0.9593,0.8938
4043874674.jpg,0.0033,0.1425,0.8433,0.7700
4043973968.jpg,0.1133,0.2250,0.9467,0.8450
4044786319.jpg,0.0067,0.0300,0.9933,0.9700
4044939743.jpg,0.0925,0.0300,0.9300,0.9833
4042164171.jpg,0.0467,0.1175,0.9967,1.0000
4045026146.jpg,0.1400,0.1275,0.9933,0.5325
4046317783.jpg,0.0037,0.1104,0.9481,0.7458
4046601795.jpg,0.2433,0.0025,0.9133,1.0000
4046895193.jpg,0.0025,0.0033,0.8975,0.9500
4047003779.jpg,0.0033,0.0600,0.9933,0.9625
4047398095.jpg,0.1400,0.1000,0.9967,0.9650
4047580507.jpg,0.2800,0.0900,0.7300,0.8567
4047799605.jpg,0.1233,0.1675,0.8300,0.9900
4048437057.jpg,0.0900,0.0675,0.8333,0.9025
4049332380.jpg,0.1356,0.1533,0.8644,0.8300
4049416853.jpg,0.0600,0.3267,0.9967,1.0000
4045850891.jpg,0.1275,0.1333,0.9650,0.8733
4030711966.jpg,0.1300,0.0575,0.8767,0.9975
4042100544.jpg,0.2667,0.2375,0.8367,0.7900
4041416908.jpg,0.1025,0.0633,0.8650,0.9033
4031044094.jpg,0.0033,0.0350,0.9367,0.8550
4032397489.jpg,0.0025,0.0967,0.9975,0.9567
4032789606.jpg,0.1200,0.1733,0.8925,0.8433
4033701324.jpg,0.1267,0.1325,0.8833,0.7675
4033927650.jpg,0.2133,0.0567,0.8556,1.0000
4034168301.jpg,0.0033,0.0174,0.9967,1.0000
4034808133.jpg,0.2550,0.0200,0.7425,0.9500
4034818601.jpg,0.0775,0.0867,0.9000,1.0000
4035025244.jpg,0.0150,0.1033,0.8725,0.7567
4035152654.jpg,0.0733,0.3200,0.8200,0.7900
4041804149.jpg,0.0033,0.0950,0.8500,0.9750
4035319137.jpg,0.0967,0.1325,0.7500,0.9725
4036735883.jpg,0.0033,0.1375,0.9967,0.7400
4036775550.jpg,0.0037,0.0021,0.9926,1.0000
4037111894.jpg,0.0025,0.0767,0.8997,0.8700
4037980929.jpg,0.0233,0.0225,0.8200,0.9825
4038433943.jpg,0.0222,0.1458,0.9259,0.8854
4038889635.jpg,0.0625,0.0733,0.9600,0.9167
4038952220.jpg,0.2612,0.0167,0.8433,0.7133
4038990388.jpg,0.0033,0.1100,0.9967,0.9900
4039379224.jpg,0.3074,0.1437,0.6407,0.5938
4041262867.jpg,0.1736,0.1458,0.8819,0.8667
4036735561.jpg,0.0767,0.0901,0.9167,0.9549
4011847856.jpg,0.0133,0.2175,0.8133,0.7300
4011798918.jpg,0.1667,0.0025,0.8367,0.9300
4011138922.jpg,0.1185,0.1042,0.7852,0.8938
3955953566.jpg,0.1133,0.1333,0.8900,0.9267
3956053356.jpg,0.0033,0.1441,0.9967,0.9734
3956053820.jpg,0.0575,0.3033,0.9700,0.6567
3958572087.jpg,0.0033,0.1950,0.9900,0.9475
3959884409.jpg,0.2133,0.1711,0.7233,0.9474
3960027239.jpg,0.3367,0.3575,0.6667,0.8250
3960525614.jpg,0.1542,0.0067,0.7687,1.0000
3961139664.jpg,0.0763,0.0792,0.9746,0.9125
3961651413.jpg,0.4700,0.3100,0.8933,0.7825
3962098670.jpg,0.0833,0.0800,0.8667,0.8875
3955611580.jpg,0.0867,0.0050,0.9200,0.9875
3966392453.jpg,0.2833,0.1750,0.8133,0.8000
3968533361.jpg,0.1033,0.4750,0.8333,0.7650
3970669393.jpg,0.0863,0.4600,0.9662,0.6167
3973431555.jpg,0.1233,0.1375,0.8567,0.9500
3977097323.jpg,0.2600,0.1275,0.8667,0.5725
3977202178.jpg,0.0037,0.0417,0.8444,0.8667
3978833430.jpg,0.0400,0.0325,0.9667,0.9275
3980485522.jpg,0.0104,0.1396,0.9550,0.6417
3980784120.jpg,0.1163,0.0233,0.8349,1.0000
3981093725.jpg,0.0100,0.0075,0.9133,1.0000
3981161690.jpg,0.3401,0.0133,0.6036,0.9733
3967824846.jpg,0.1074,0.0187,0.8593,1.0000
3983601678.jpg,0.0275,0.0233,1.0000,0.9833
3955333592.jpg,0.2333,0.2450,0.8267,0.8275
3954710116.jpg,0.1933,0.0533,0.8300,1.0000
3946052718.jpg,0.1967,0.0100,0.7833,0.9933
3947447638.jpg,0.0778,0.0042,0.9407,0.8646
3947603488.jpg,0.0133,0.0121,0.9900,1.0000
3947685062.jpg,0.0657,0.0267,0.8405,0.7300
3947937312.jpg,0.0033,0.0998,1.0000,0.9651
3948131871.jpg,0.0444,0.1133,0.9111,0.8900
3948198671.jpg,0.0025,0.1267,0.9350,0.7600
3950199043.jpg,0.0688,0.0042,0.9500,0.9750
3950616903.jpg,0.0767,0.4100,0.9700,0.8175
3950792406.jpg,0.2733,0.0189,0.8033,0.3844
3955148983.jpg,0.1275,0.0867,0.8750,0.8233
3951166607.jpg,0.1267,0.1297,0.8600,0.9177
3952019679.jpg,0.0033,0.1150,0.9367,0.9975
3952738921.jpg,0.1250,0.0033,0.7925,0.9933
3953338200.jpg,0.1667,0.0225,0.8233,0.9950
3953343050.jpg,0.0400,0.1150,0.9833,0.9100
3953834399.jpg,0.0889,0.1792,0.8556,0.7583
3953881394.jpg,0.0355,0.0229,0.9787,0.9979
3954232358.jpg,0.0767,0.0475,0.9767,0.9000
3954237467.jpg,0.3667,0.0025,0.6433,0.9725
3954239997.jpg,0.2067,0.1550,0.8300,0.6825
3954498505.jpg,0.0200,0.0975,0.7900,0.9975
3951796136.jpg,0.0033,0.0050,0.7567,0.7025
3984298758.jpg,0.1107,0.0900,0.9062,0.8700
3984839837.jpg,0.0633,0.0842,1.0000,0.9728
3985462396.jpg,0.1400,0.0450,0.9200,0.8000
3997506254.jpg,0.0900,0.1725,0.9933,0.6725
3998064008.jpg,0.0067,0.1750,0.9800,1.0000
3998484131.jpg,0.0259,0.4208,0.9185,0.5563
3999147245.jpg,0.3133,0.0233,0.8402,1.0000
4000055468.jpg,0.0200,0.2650,1.0000,0.8025
4003332892.jpg,0.2550,0.0133,0.7871,1.0000
4003344706.jpg,0.0333,0.2354,1.0000,0.9146
4003631343.jpg,0.1525,0.0533,0.8300,1.0000
4004777232.jpg,0.2533,0.0400,0.6004,0.4167
4004824452.jpg,0.0400,0.1367,0.8500,0.9533
3996960916.jpg,0.0333,0.0200,0.9600,0.9800
4005141623.jpg,0.2200,0.0575,0.8000,1.0000
4005674848.jpg,0.1370,0.1433,0.7336,0.9033
4006404920.jpg,0.2593,0.4313,0.6667,0.6813
4006437449.jpg,0.0633,0.0367,0.9667,0.9367
4007149118.jpg,0.2848,0.2500,0.5437,0.8367
4008071797.jpg,0.1300,0.1600,0.9650,0.9300
4009120445.jpg,0.1967,0.0850,0.7633,0.9625
4009895231.jpg,0.1033,0.1067,0.9867,0.8067
4010040817.jpg,0.0333,0.2067,0.9556,0.9467
4010560689.jpg,0.1000,0.0025,0.7867,1.0000
4010649531.jpg,0.0111,0.0625,0.9481,0.9750
4005240908.jpg,0.1067,0.0767,0.8133,0.9967
3996545722.jpg,0.0267,0.1150,0.9467,0.8500
3995717645.jpg,0.0800,0.0033,0.9967,0.9633
3994586841.jpg,0.0625,0.1667,0.9757,1.0000
3985597897.jpg,0.2425,0.1033,0.8100,0.9400
3986181757.jpg,0.0525,0.2467,0.8925,0.8567
3987236952.jpg,0.1475,0.1933,0.7650,0.6233
3987267422.jpg,0.1733,0.0700,0.9033,0.9900
3987509360.jpg,0.0067,0.1175,0.9600,0.9275
3989181750.jpg,0.0900,0.0167,0.9067,0.9867
3989453917.jpg,0.2050,0.1267,0.9300,0.8267
3989892495.jpg,0.1754,0.0633,0.8296,0.9733
3989967450.jpg,0.2711,0.2900,0.7711,0.7167
3990023343.jpg,0.2300,0.0929,0.8133,0.9190
3990053162.jpg,0.2067,0.1550,0.8033,0.9375
3990415696.jpg,0.0033,0.1900,1.0000,0.9975
3990959903.jpg,0.0033,0.0525,0.9967,0.9475
3991009466.jpg,0.0033,0.0250,0.9933,0.9950
3992116513.jpg,0.0800,0.2200,0.9133,0.9275
3992614382.jpg,0.1200,0.2333,0.9700,0.8433
3993420885.jpg,0.1300,0.0725,0.7667,0.7925
3993461189.jpg,0.0533,0.2151,0.9500,0.9180
3993567381.jpg,0.0133,0.0525,0.9967,1.0000
3993890672.jpg,0.0069,0.2854,1.0000,0.8396
3994194283.jpg,0.1596,0.0500,0.8878,0.9567
3994488370.jpg,0.2533,0.1100,0.9100,0.8467
3994551605.jpg,0.0600,0.1250,0.9467,0.8650
3826287840.jpg,0.0433,0.0075,0.9967,1.0000
3825842961.jpg,0.2008,0.0567,1.0000,0.9867
3831385004.jpg,0.0022,0.0033,0.9978,1.0000
3825596567.jpg,0.2767,0.1325,0.9067,0.7475
3703611146.jpg,0.0100,0.1467,0.9975,0.9267
3703726295.jpg,0.0111,0.1417,1.0000,0.8604
3703730555.jpg,0.0125,0.2733,0.9950,0.7533
3704324130.jpg,0.0725,0.2133,0.6250,1.0000
3704372238.jpg,0.3133,0.0033,0.8867,0.8933
3704417004.jpg,0.0025,0.0800,0.9975,0.9700
3704824987.jpg,0.0367,0.2250,1.0000,0.7000
3705134729.jpg,0.2608,0.0133,0.7692,1.0000
3705815847.jpg,0.0900,0.0323,1.0000,0.9454
3706446422.jpg,0.0350,0.3133,0.8925,0.8267
3702843696.jpg,0.0125,0.0033,0.9850,0.8133
3706541293.jpg,0.1933,0.0275,0.7867,0.9975
3707015149.jpg,0.0433,0.0225,1.0000,0.9300
3709367780.jpg,0.2025,0.2600,0.8925,0.7367
3709402600.jpg,0.1525,0.1067,0.9600,0.9067
3709562608.jpg,0.1325,0.1667,0.8575,0.9067
3709964306.jpg,0.0025,0.0067,0.9873,1.0000
3711299974.jpg,0.0185,0.0979,0.9556,0.8583
3711347056.jpg,0.0225,0.4333,0.9700,0.9633
3711380912.jpg,0.0125,0.2767,0.9850,0.9033
3711517899.jpg,0.1267,0.0025,0.9933,0.9875
3712250164.jpg,0.1080,0.0867,0.9620,0.8867
3706654595.jpg,0.1557,0.0033,0.8180,0.8500
3712279891.jpg,0.1025,0.2667,0.9325,0.9067
3702696944.jpg,0.0075,0.1400,0.8900,0.9167
3702353510.jpg,0.2074,0.3500,0.9667,0.7125
3696299172.jpg,0.2750,0.2700,0.6800,0.7000
3696985161.jpg,0.2364,0.0433,0.7561,1.0000
3697335675.jpg,0.0200,0.0133,0.9600,0.8300
3698126764.jpg,0.0125,0.0500,0.9850,1.0000
3698268041.jpg,0.2733,0.1075,0.4033,0.7050
3698270004.jpg,0.0167,0.0025,0.8867,0.7275
3698701492.jpg,0.0033,0.3900,0.9433,0.8525
3698959004.jpg,0.0025,0.1833,0.9950,0.8167
3699050097.jpg,0.0033,0.0050,0.9067,0.9150
3699054213.jpg,0.0425,0.0300,0.8825,0.9967
3702370757.jpg,0.0033,0.0050,0.9967,1.0000
3699410934.jpg,0.1000,0.1650,0.8700,0.7400
3699584023.jpg,0.0025,0.2067,0.9375,0.9667
3699705978.jpg,0.0733,0.0400,0.8333,0.9225
3699711935.jpg,0.0025,0.0367,1.0000,0.9767
3701142318.jpg,0.0350,0.0033,0.9850,0.8467
3701221743.jpg,0.0037,0.0750,0.9630,0.8958
3701407558.jpg,0.0037,0.2354,1.0000,0.8896
3701679059.jpg,0.1593,0.2083,1.0000,0.9187
3701965742.jpg,0.0630,0.0542,0.9667,1.0000
3702207933.jpg,0.1111,0.1271,0.8778,0.8521
3702214510.jpg,0.0025,0.0033,0.9950,1.0000
3699528324.jpg,0.2200,0.1475,1.0000,0.7350
3712645270.jpg,0.1167,0.1125,0.9033,0.9400
3712670159.jpg,0.0367,0.2733,0.9700,0.7600
3712970354.jpg,0.0815,0.2854,0.9593,0.7583
3740761712.jpg,0.1033,0.2950,0.9100,0.6875
3741686530.jpg,0.0400,0.0111,0.9667,0.9600
3742564214.jpg,0.2200,0.0333,0.8325,0.9367
3744406274.jpg,0.0667,0.2229,0.7741,0.7667
3744686787.jpg,0.0185,0.1146,0.9556,0.8479
3744938315.jpg,0.1278,0.1067,0.8722,1.0000
3747406721.jpg,0.1367,0.1350,0.8633,0.9325
3747515399.jpg,0.0750,0.0033,0.8931,1.0000
3747587182.jpg,0.3525,0.0667,0.6825,0.8200
3747973118.jpg,0.1233,0.0150,0.9200,0.9775
3739341609.jpg,0.0725,0.1600,0.9325,0.8900
3747987100.jpg,0.0067,0.1525,1.0000,0.8350
3748689060.jpg,0.1140,0.0267,0.9760,1.0000
3749767132.jpg,0.0630,0.1396,0.9667,0.8500
3751129094.jpg,0.0933,0.3875,1.0000,0.6350
3825821439.jpg,0.0033,0.0237,0.9667,1.0000
3753219142.jpg,0.0556,0.0813,0.9741,0.9667
3753477279.jpg,0.0025,0.0033,0.9925,0.9033
3753762597.jpg,0.0025,0.2433,0.9950,0.7233
3753850047.jpg,0.0825,0.0033,0.9150,1.0000
3754016545.jpg,0.0033,0.0025,0.8267,0.9050
3754028295.jpg,0.0033,0.0336,1.0000,0.7798
3748244214.jpg,0.0033,0.0200,0.9667,0.9800
3734895881.jpg,0.0767,0.0100,0.8333,1.0000
3733838921.jpg,0.0019,0.1767,0.9925,0.9967
3733775687.jpg,0.0900,0.2350,0.8700,0.5650
3713675546.jpg,0.0100,0.0925,1.0000,0.9950
3714560198.jpg,0.0433,0.1125,0.9133,0.7625
3714648016.jpg,0.1900,0.1133,0.7375,0.9333
3716426103.jpg,0.2000,0.0900,0.9667,0.8500
3724076169.jpg,0.1300,0.1125,0.7700,0.8150
0.7133,0.6300,0.7333,0.6800,
3724238152.jpg,0.0033,0.0375,0.9900,0.9850
3725283358.jpg,0.0394,0.1167,0.9962,1.0000
3727714504.jpg,0.0367,0.0775,0.9000,0.7850
3729195460.jpg,0.0033,0.0100,0.9933,0.9875
3729785841.jpg,0.0200,0.1833,0.9667,0.7933
3729789541.jpg,0.0267,0.0150,0.9800,0.9975
3730141771.jpg,0.1900,0.2525,0.8567,0.8875
3730345479.jpg,0.0852,0.2250,1.0000,0.7625
3730395881.jpg,0.1778,0.0125,1.0000,0.9875
3730628733.jpg,0.0033,0.0100,0.9833,0.9775
3730899048.jpg,0.0033,0.1652,0.9867,0.9469
3731118055.jpg,0.0844,0.0033,0.8068,1.0000
3731332935.jpg,0.0481,0.1167,0.9519,0.7479
3731702907.jpg,0.2567,0.0200,0.8867,0.9525
3731907668.jpg,0.0333,0.0725,0.8900,0.9750
3732819828.jpg,0.0075,0.0100,1.0000,0.9833
3733716170.jpg,0.0700,0.2022,0.8933,0.9111
0.2425,0.8067,0.2500,0.8100,
3754178886.jpg,0.0800,0.0100,0.7925,0.9267
0.2800,0.0767,0.8075,0.8200,
3694866203.jpg,0.0675,0.1033,0.9650,0.8733
3678069647.jpg,0.0033,0.0450,0.9900,0.9425
3678119676.jpg,0.3800,0.1633,1.0000,0.9400
3678234008.jpg,0.0033,0.1225,0.9867,0.7200
3678339154.jpg,0.0699,0.2567,0.9492,0.8933
3678463779.jpg,0.0025,0.0033,1.0000,0.9967
3678798868.jpg,0.2333,0.0575,0.8367,0.9700
3678871220.jpg,0.0032,0.0200,0.9904,0.9833
3678927539.jpg,0.1925,0.0033,0.7800,0.9333
3679225266.jpg,0.1575,0.0900,0.7675,0.8800
3679511539.jpg,0.0033,0.1475,0.9933,0.9825
3678038944.jpg,0.0125,0.0133,0.9675,0.7700
3679651542.jpg,0.0333,0.2074,0.9467,0.9468
3679820375.jpg,0.0222,0.2646,0.9815,0.8750
3679953250.jpg,0.1067,0.1125,0.9667,0.7725
3679998938.jpg,0.0233,0.2033,0.9767,0.7967
3680178110.jpg,0.0033,0.1275,0.9933,1.0000
3680221245.jpg,0.0089,0.0033,1.0000,0.9933
3681203629.jpg,0.0019,0.0033,0.9456,1.0000
3681388413.jpg,0.2927,0.2133,0.8386,0.8933
3681437960.jpg,0.0595,0.2433,0.9405,0.6733
3681607578.jpg,0.0033,0.0025,0.9033,0.9675
3681829463.jpg,0.0399,0.1000,0.9701,0.9433
3679817769.jpg,0.0638,0.0567,0.8574,0.9900
3681853372.jpg,0.0600,0.0975,0.8900,0.9700
3678019517.jpg,0.0030,0.0067,0.9881,0.9200
3677747614.jpg,0.0333,0.0104,1.0000,0.9583
3673907877.jpg,0.0700,0.0467,0.9275,0.8900
3673908287.jpg,0.0033,0.0700,0.9867,0.9950
3674080160.jpg,0.0567,0.1725,0.9633,0.8850
3674237302.jpg,0.0225,0.0867,0.9650,0.9433
3674308095.jpg,0.1074,0.2313,0.7704,0.7667
3674385141.jpg,0.1238,0.0167,0.8236,1.0000
3674802930.jpg,0.0050,0.0033,1.0000,0.9900
3674888331.jpg,0.0185,0.0542,0.9963,0.9812
3674897869.jpg,0.0815,0.1250,0.9037,0.6208
3675933217.jpg,0.2225,0.2900,0.8125,0.9233
3677882889.jpg,0.0033,0.0950,0.9933,0.9475
3676246372.jpg,0.1233,0.2067,0.8733,0.9567
3676679102.jpg,0.1100,0.0300,0.9400,0.9975
3676997385.jpg,0.2400,0.2275,0.7367,0.5150
3677212390.jpg,0.0033,0.1322,0.9433,0.9875
3677244943.jpg,0.0074,0.1062,1.0000,0.9479
3677262597.jpg,0.0033,0.0267,1.0000,0.9533
3677597331.jpg,0.0467,0.0525,1.0000,0.9725
3677720747.jpg,0.0633,0.0967,0.9367,0.8933
3677729507.jpg,0.2800,0.0450,0.7233,0.9820
3677738359.jpg,0.0037,0.0417,1.0000,1.0000
3677745334.jpg,0.0667,0.0159,0.9167,0.9524
3676321056.jpg,0.0667,0.0775,0.9567,0.6400
3681861399.jpg,0.0025,0.0033,0.9600,0.9833
3682003033.jpg,0.1300,0.0865,0.8867,0.8957
3682489786.jpg,0.0233,0.1375,0.8800,0.9450
3687655454.jpg,0.1100,0.2222,0.9433,0.9889
3688620195.jpg,0.1500,0.2525,0.7467,0.6450
3688713977.jpg,0.0074,0.1250,1.0000,0.6917
3688956840.jpg,0.2326,0.0033,0.8499,0.9967
3689022871.jpg,0.0033,0.0033,1.0000,0.8467
3689023396.jpg,0.0775,0.0200,0.9000,0.9000
3689328013.jpg,0.0038,0.0833,1.0000,0.9433
3689724480.jpg,0.0267,0.1300,0.9133,0.9725
3690261548.jpg,0.0033,0.0250,1.0000,0.9850
3690290141.jpg,0.0025,0.0167,0.9825,1.0000
3687340036.jpg,0.1967,0.1275,0.5767,0.8900
3691161768.jpg,0.1125,0.3433,0.9550,0.8900
3692448874.jpg,0.1276,0.0033,0.9681,0.9933
3692633590.jpg,0.1167,0.2325,0.8533,0.9150
3692851307.jpg,0.1100,0.0250,0.8067,0.9375
3693057882.jpg,0.0033,0.0850,0.9000,0.9625
3693102499.jpg,0.1267,0.1365,0.8767,0.7783
3693646771.jpg,0.0259,0.2042,1.0000,0.6375
3693705796.jpg,0.0567,0.0067,0.9100,0.9667
0.9133,0.9800,0.9133,0.9933,
3694018644.jpg,0.0625,0.0367,0.9550,0.9133
3694414167.jpg,0.0033,0.2750,0.9833,0.8850
3692131825.jpg,0.1225,0.0033,0.7575,0.9633
3687193391.jpg,0.0938,0.0567,0.9212,0.9567
3687119595.jpg,0.3233,0.2867,0.9962,1.0000
3687088348.jpg,0.0037,0.2146,0.9926,0.7250
3682526937.jpg,0.0499,0.1800,0.9601,0.9533
3682784665.jpg,0.0367,0.0125,0.9633,0.7650
3683334783.jpg,0.4500,0.2311,0.9000,0.7822
3683421533.jpg,0.3100,0.1975,0.7900,0.6725
3683836907.jpg,0.1786,0.0033,0.8590,0.9933
3684067702.jpg,0.0233,0.1299,1.0000,0.9124
3684068500.jpg,0.1033,0.2000,0.9400,0.7675
3684073878.jpg,0.0025,0.0067,1.0000,0.8767
3684126122.jpg,0.3037,0.1417,0.6222,0.6250
3684134109.jpg,0.1475,0.0133,0.8650,0.9633
3684193710.jpg,0.0074,0.2396,1.0000,0.7792
3684248231.jpg,0.3375,0.1867,0.7550,0.7833
3684353708.jpg,0.1182,0.0633,0.7617,0.9900
3684894883.jpg,0.1867,0.2425,0.8133,0.9300
3684951402.jpg,0.0025,0.0133,0.9600,0.9533
3685000537.jpg,0.3100,0.0275,0.6233,0.9625
3685003063.jpg,0.1259,0.0625,1.0000,0.9604
3685041219.jpg,0.0033,0.1125,0.9567,0.9650
3685917030.jpg,0.0033,0.0149,0.9833,0.9703
3686182204.jpg,0.0033,0.0050,0.9433,0.9700
3686446215.jpg,0.0367,0.0725,1.0000,0.8575
3686726914.jpg,0.2433,0.0925,0.7333,0.8725
3686883867.jpg,0.0567,0.0750,0.9467,0.8225
3696029617.jpg,0.6975,0.1967,0.7475,0.2000
3754448089.jpg,0.1667,0.1350,0.7500,0.9975
3751461497.jpg,0.3767,0.0275,0.6100,0.9950
3755383665.jpg,0.0033,0.0475,0.9767,0.9250
3797674236.jpg,0.0112,0.0833,0.8280,1.0000
3797745049.jpg,0.0033,0.0383,0.9933,0.8251
3798106376.jpg,0.0167,0.1250,0.9900,0.8350
3798459853.jpg,0.1205,0.0235,0.8281,1.0000
3799575216.jpg,0.1375,0.0633,0.8850,0.8733
3799688266.jpg,0.0208,0.0933,0.9830,0.8900
3799863804.jpg,0.2420,0.0067,0.8574,1.0000
3800220673.jpg,0.0916,0.0800,0.4771,0.7367
3801193142.jpg,0.0800,0.0733,0.9825,0.9600
3802004508.jpg,0.1767,0.1525,0.9633,0.9850
3802318192.jpg,0.0253,0.0200,0.9609,0.9467
3802604295.jpg,0.1296,0.1396,0.8370,0.8583
3803275482.jpg,0.2625,0.2100,0.9475,0.8533
3803479023.jpg,0.0037,0.1604,0.9889,0.9375
3803596415.jpg,0.1475,0.1567,0.8100,0.9433
3803781253.jpg,0.0533,0.1425,1.0000,0.8800
3803984806.jpg,0.1275,0.0800,0.9325,0.8900
3804413699.jpg,0.0038,0.0063,0.9887,0.9854
3804519306.jpg,0.0300,0.1518,0.9633,1.0000
3804768273.jpg,0.1300,0.0825,0.7867,0.9600
3804913752.jpg,0.1233,0.0075,1.0000,0.5425
3797664285.jpg,0.0356,0.0067,0.7955,0.9567
3797437811.jpg,0.2550,0.0033,0.7850,0.9533
3797275052.jpg,0.2125,0.0033,0.8725,0.9967
3796975766.jpg,0.0033,0.1650,0.8567,0.7000
3789569268.jpg,0.1074,0.2271,0.8593,0.8167
3790427633.jpg,0.0167,0.0075,0.8967,1.0000
3790604728.jpg,0.2667,0.1250,0.6933,1.0000
3790783058.jpg,0.1222,0.2417,0.9778,0.7833
3790844853.jpg,0.0667,0.0979,0.8852,0.8708
3790968738.jpg,0.1597,0.0292,0.8750,0.9979
3791166383.jpg,0.0167,0.1194,0.9000,0.9627
3791278588.jpg,0.0037,0.0417,0.9963,0.9208
3791740648.jpg,0.0775,0.0800,0.9550,0.8867
3791822308.jpg,0.0111,0.2125,1.0000,0.7083
3805263736.jpg,0.0700,0.2803,0.8767,0.8611
3792124653.jpg,0.0383,0.0100,0.9643,1.0000
3793783298.jpg,0.1600,0.0050,0.8767,0.9975
3793962922.jpg,0.0050,0.1867,0.9850,0.6967
3794515778.jpg,0.1800,0.0200,0.8600,0.7950
3794971530.jpg,0.0033,0.3200,0.9100,0.8450
3795040016.jpg,0.0098,0.0300,0.9820,0.9833
3795054866.jpg,0.1433,0.1300,0.8000,0.8800
3795375621.jpg,0.1300,0.0167,0.8800,0.9433
3796053603.jpg,0.0025,0.0267,0.9950,0.9967
3796903771.jpg,0.0187,0.2139,0.9812,0.7910
3796951458.jpg,0.1200,0.1075,0.9467,1.0000
3754884567.jpg,0.0033,0.0100,0.9833,0.9967
3789495776.jpg,0.0375,0.0833,0.8850,0.9100
3806259409.jpg,0.0056,0.0100,0.7951,1.0000
3806671778.jpg,0.0500,0.4200,1.0000,0.8100
3819761990.jpg,0.0994,0.2700,0.8724,0.8133
3819980808.jpg,0.2133,0.0050,0.7533,0.9950
3820017739.jpg,0.0033,0.0975,0.9933,0.9850
3820294901.jpg,0.1167,0.2025,0.8833,0.8500
3820509344.jpg,0.3367,0.3713,0.7200,0.8416
3820838900.jpg,0.2500,0.0200,0.8533,1.0000
3820908252.jpg,0.0833,0.1000,1.0000,0.9325
3821158767.jpg,0.0900,0.0650,0.9300,0.8925
3821451619.jpg,0.0135,0.0292,0.8990,0.9812
3821465445.jpg,0.1111,0.1333,0.8924,0.8792
3821778862.jpg,0.1567,0.0975,0.8500,0.7800
3821832646.jpg,0.1100,0.1675,0.8933,0.9150
3822148268.jpg,0.0425,0.1700,1.0000,0.9400
3822436881.jpg,0.1847,0.0186,0.8049,0.9814
3822474980.jpg,0.0704,0.1250,0.9370,0.8417
3822964116.jpg,0.0950,0.0933,0.7775,0.8933
3822983419.jpg,0.0293,0.0867,0.9795,0.9233
3823914975.jpg,0.0967,0.0725,0.8900,0.8625
3823916194.jpg,0.0025,0.1867,0.8050,0.8267
3825204919.jpg,0.0016,0.0067,0.9951,0.9967
3825278578.jpg,0.1150,0.2100,0.9800,0.8733
3816768788.jpg,0.0400,0.1575,0.9567,0.9975
3816233337.jpg,0.0025,0.3667,0.9750,0.7500
3816011215.jpg,0.0033,0.2975,0.9900,0.7775
3815874046.jpg,0.1778,0.3688,0.8556,0.6771
3806835290.jpg,0.0037,0.1417,0.9148,0.8500
3806873727.jpg,0.1800,0.3600,0.8533,0.8525
3808047193.jpg,0.0075,0.2333,0.9650,0.9067
3808556053.jpg,0.0852,0.0729,0.9593,0.9979
3809838899.jpg,0.0148,0.1625,0.9852,0.7104
3809995541.jpg,0.0333,0.0133,0.7333,0.7489
3810328585.jpg,0.2444,0.1267,0.8200,0.9167
3810430794.jpg,0.1413,0.2100,0.8124,0.8567
3810519252.jpg,0.0525,0.0767,0.9268,0.9633
3810773279.jpg,0.3377,0.2200,0.6848,0.5800
3806443216.jpg,0.3133,0.0275,0.8300,0.9875
3810974112.jpg,0.1069,0.0633,0.6473,0.9933
3811015744.jpg,0.0350,0.1667,0.9600,0.9267
3811526290.jpg,0.0378,0.1200,0.9822,0.8867
3812379278.jpg,0.0852,0.1875,0.9889,0.8958
3813514637.jpg,0.2111,0.0467,0.6822,0.9667
3813812876.jpg,0.4625,0.2333,0.8375,0.6600
3813833145.jpg,0.0500,0.0500,0.9633,0.9433
3813915787.jpg,0.0175,0.0567,0.9750,0.9733
3814472395.jpg,0.0323,0.0273,0.9774,0.9625
3814702533.jpg,0.0500,0.1533,0.6925,0.8300
3815728685.jpg,0.0033,0.0025,0.8000,0.7830
3810985833.jpg,0.0639,0.1000,0.8045,0.9833
3789234692.jpg,0.0033,0.0250,0.9267,0.9325
3792749914.jpg,0.0033,0.0175,0.9933,0.9950
3788346564.jpg,0.0100,0.2550,0.9200,0.8400
3764365717.jpg,0.0706,0.0219,0.9529,0.9969
3764451615.jpg,0.1032,0.0767,0.8124,0.9133
3764579400.jpg,0.3000,0.0025,0.9900,0.9125
3765300167.jpg,0.0200,0.3025,1.0000,0.9250
3765548490.jpg,0.1100,0.0150,0.8400,0.7700
3765966574.jpg,0.1000,0.0875,0.9370,0.7562
3766554899.jpg,0.0175,0.1133,0.9525,1.0000
3764293598.jpg,0.0500,0.1867,0.9467,0.7933
3767281527.jpg,0.0033,0.0056,0.9733,1.0000
3768542958.jpg,0.0575,0.1033,0.8975,0.7800
3788771451.jpg,0.0375,0.2533,0.9900,0.7367
3769634624.jpg,0.1775,0.2767,0.9725,0.8500
3772243834.jpg,0.1833,0.0725,0.9500,0.9975
3773158054.jpg,0.0103,0.0502,0.9794,0.9884
3773337309.jpg,0.4167,0.1582,0.7767,1.0000
3774938548.jpg,0.3233,0.0900,0.6833,0.8300
3768135247.jpg,0.0025,0.1533,0.9350,0.9733
3763721842.jpg,0.0275,0.1633,0.9750,0.8967
3762497446.jpg,0.1633,0.0475,0.7733,0.9725
3762236311.jpg,0.1850,0.0967,0.7925,0.8600
3755434639.jpg,0.1624,0.2267,0.8426,0.8200
3755680527.jpg,0.0433,0.0400,1.0000,0.9750
3756309883.jpg,0.0125,0.0533,1.0000,0.8933
3756509448.jpg,0.0033,0.1000,0.9200,0.8975
3756831609.jpg,0.3467,0.4625,0.7600,0.9900
3757096082.jpg,0.0500,0.4400,0.9625,0.7133
3757452061.jpg,0.0975,0.1633,0.9375,0.6067
3757510072.jpg,0.0767,0.0167,0.9367,0.9633
3757721263.jpg,0.0033,0.0086,0.9900,0.9943
3757983310.jpg,0.0175,0.1667,0.9675,0.8033
3758264062.jpg,0.0037,0.0021,0.8930,0.8938
3758943324.jpg,0.0565,0.1633,0.9576,0.9467
3759056704.jpg,0.0200,0.0575,0.9700,0.9375
3759101727.jpg,0.0025,0.0133,0.9975,0.8933
3761993315.jpg,0.1850,0.0700,0.8200,0.8267
3762156919.jpg,0.1550,0.1067,0.9075,0.6667
3762209929.jpg,0.0633,0.0075,0.7100,0.8950
3775181279.jpg,0.2444,0.0104,0.7222,0.9896
3775203521.jpg,0.0667,0.2100,0.9433,0.7800
3768871222.jpg,0.0111,0.1708,1.0000,0.9896
4049576989.jpg,0.0375,0.1633,0.9900,0.8433
3781558179.jpg,0.0038,0.1300,0.9981,1.0000
3775227063.jpg,0.0368,0.0733,0.8466,0.9933
3781110713.jpg,0.0267,0.1025,0.9600,0.8175
3781792549.jpg,0.1233,0.0150,0.9200,0.9600
3782371022.jpg,0.1500,0.0200,0.7767,0.9325
3778591465.jpg,0.0033,0.0150,0.9900,0.9900
3782463703.jpg,0.0033,0.0078,0.9600,0.9688
3778253977.jpg,0.0037,0.0063,0.9926,0.9812
3782530814.jpg,0.0033,0.4575,0.9867,0.8550
3778207083.jpg,0.0400,0.2900,0.9567,0.9225
3778141658.jpg,0.0867,0.1075,0.8400,0.9150
3784574120.jpg,0.1150,0.1267,0.8200,0.7533
3784968144.jpg,0.0356,0.0067,0.9606,0.9967
3785019349.jpg,0.1075,0.2900,0.7950,0.7400
3782893765.jpg,0.0031,0.0917,0.9938,0.7917
3787547838.jpg,0.0950,0.0400,0.8650,1.0000
3786594846.jpg,0.1075,0.0067,0.7925,0.8767
3787519991.jpg,0.0225,0.2833,0.9725,0.7833
3787537879.jpg,0.0925,0.0400,1.0000,0.8633
